horizon_days,lv_algae,lv_rotifer,lv_avg,bnode_algae,bnode_rotifer,bnode_avg
1,0.0,2.0817511234449637,1.0408755617224819,32.95211464293604,1.232783070445631,17.092448856690837
2,0.0,0.0,0.0,0.0,0.0,0.0
4,0.0,0.0,0.0,0.0,0.0,0.0
8,0.0,0.0,0.0,0.0,0.0,0.0
16,0.0,0.0,0.0,0.0,0.0,0.0
32,0.0,0.0,0.0,0.0,0.0,0.0
