method,config,val_rmse,val_rel_err,val_mse,has_uncertainty,runtime_s
NODE (Adam MSE),iters=4000,0.2448819658211292,0.08587709307156503,0.05996717718442069,false,571.117942083
"BNODE (MAP→HMC, posterior mean)","MAP=1500/300, NUTS=50/50, max_depth=6, tol=1.0e-6",0.3783115794912989,0.13266921724140238,0.14311965117720138,true,502.343557667
