method,config,val_rmse,val_rel_err,val_mse,has_uncertainty,runtime_s
NODE (Adam MSE),iters=6500,0.28106393313260175,0.09856566392610185,0.07899693450796762,false,1065.561698041
"BNODE (MAP→HMC, posterior mean)","MAP=6000/500, NUTS=50/50, max_depth=6, tol=1.0e-6",0.32552550951434744,0.11415779183246082,0.1059668573445755,true,623.790487292
