method,config,data_seed,init_seed,val_rmse,val_rel_err,val_mse,has_uncertainty,runtime_s
NODE (Adam MSE),iters=6800,42,42,0.33825166059967493,0.11862069647116233,0.11441418589843769,false,1803.072430291
BNODE-MAP (point estimate),MAP=6000/800,42,42,0.2880284961128129,0.1010080504907835,0.08296041457300866,false,
"BNODE (MAP→HMC, posterior mean)","MAP=6000/800, NUTS=250/250, max_depth=10, tol=1.0e-8",42,42,0.6184856772406365,0.2168953188926143,0.3825245329518088,true,106470.754028833
