method,config,val_rmse,val_rel_err,val_mse,has_uncertainty,runtime_s
NODE (Adam MSE),iters=4500,0.2564980779373974,0.08995072069862826,0.06579126398557918,false,678.483905875
"BNODE (MAP→HMC, posterior mean)","MAP=4000/500, NUTS=50/50, max_depth=6, tol=1.0e-6",0.3058175273475302,0.10724644491837758,0.0935243600329574,true,485.4977485
