arm,method,init,σ_obs,n_train,n_total,n_samples,n_adapts,map_rmse,map_rel_err,coverage_g,coverage_v,post_mse_mean,sigma_hat_mean,sigma_hat_std,accept,ebfmi,treedepth,ndiverge,ess_min,rhat_max,runtime_s
C_map_then_hmc,MAP→HMC (ours),MAP,0.2,100,200,50,50,0.33179976081945023,0.11635809458434362,0.64,0.475,0.14607079357575187,0.1337850466773095,0.02292280577494399,0.7784806383578535,0.18640434104440015,5.46,7,1.5795923705613713,2.12989166809594,407.382854958
B_map_only,MAP only (no sampling),random,0.2,100,200,0,0,0.41487167565701233,0.145490393233683,,,0.17211850726245725,,,,,,,,,
D_plain_node,Plain NeuralODE (Adam MSE),random,0.2,100,200,0,0,0.30888479026846904,0.10832209629373779,,,0.09540981365919611,,,,,,,,,
A_hmc_only,HMC only (random init),random,0.2,100,200,50,50,,,0.92,0.885,2.2795237404055615,1.2380742244678569,0.6973138508117943,0.7741290426538626,0.13010378206184972,5.34,10,1.8655070707454333,1.7548161036513286,337.892556292
